DATE,DAAA
2008-01-02,5.31
2008-01-03,5.33
2008-01-04,5.34
2008-01-07,5.29
2008-01-08,5.31
2008-01-09,5.32
2008-01-10,5.49
2008-01-11,5.38
2008-01-14,5.36
2008-01-15,5.28
2008-01-16,5.29
2008-01-17,5.24
2008-01-18,5.28
2008-01-21,.
2008-01-22,5.27
2008-01-23,5.22
2008-01-24,5.39
2008-01-25,5.32
2008-01-28,5.32
2008-01-29,5.37
2008-01-30,5.47
2008-01-31,5.38
2008-02-01,5.35
2008-02-04,5.39
2008-02-05,5.33
2008-02-06,5.36
2008-02-07,5.49
2008-02-08,5.43
2008-02-11,5.42
2008-02-12,5.50
2008-02-13,5.52
2008-02-14,5.67
2008-02-15,5.61
2008-02-18,.
2008-02-19,5.67
2008-02-20,5.66
2008-02-21,5.56
2008-02-22,5.60
2008-02-25,5.68
2008-02-26,5.68
2008-02-27,5.65
2008-02-28,5.55
2008-02-29,5.42
2008-03-03,5.43
2008-03-04,5.48
2008-03-05,5.61
2008-03-06,5.61
2008-03-07,5.57
2008-03-10,5.50
2008-03-11,5.63
2008-03-12,5.49
2008-03-13,5.53
2008-03-14,5.48
2008-03-17,5.47
2008-03-18,5.50
2008-03-19,5.42
2008-03-20,5.35
2008-03-21,.
2008-03-24,5.49
2008-03-25,5.49
2008-03-26,5.51
2008-03-27,5.56
2008-03-28,5.52
2008-03-31,5.48
2008-04-01,5.57
2008-04-02,5.57
2008-04-03,5.57
2008-04-04,5.45
2008-04-07,5.50
2008-04-08,5.52
2008-04-09,5.44
2008-04-10,5.47
2008-04-11,5.43
2008-04-14,5.47
2008-04-15,5.54
2008-04-16,5.68
2008-04-17,5.65
2008-04-18,5.64
2008-04-21,5.60
2008-04-22,5.54
2008-04-23,5.54
2008-04-24,5.60
2008-04-25,5.64
2008-04-28,5.62
2008-04-29,5.61
2008-04-30,5.51
2008-05-01,5.50
2008-05-02,5.58
2008-05-05,5.57
2008-05-06,5.63
2008-05-07,5.61
2008-05-08,5.53
2008-05-09,5.49
2008-05-12,5.49
2008-05-13,5.59
2008-05-14,5.61
2008-05-15,5.55
2008-05-16,5.55
2008-05-19,5.54
2008-05-20,5.50
2008-05-21,5.52
2008-05-22,5.59
2008-05-23,5.52
2008-05-26,.
2008-05-27,5.61
2008-05-28,5.66
2008-05-29,5.73
2008-05-30,5.67
2008-06-02,5.64
2008-06-03,5.57
2008-06-04,5.64
2008-06-05,5.69
2008-06-06,5.61
2008-06-09,5.58
2008-06-10,5.66
2008-06-11,5.66
2008-06-12,5.73
2008-06-13,5.76
2008-06-16,5.75
2008-06-17,5.76
2008-06-18,5.70
2008-06-19,5.77
2008-06-20,5.72
2008-06-23,5.73
2008-06-24,5.68
2008-06-25,5.67
2008-06-26,5.67
2008-06-27,5.61
2008-06-30,5.60
2008-07-01,5.62
2008-07-02,5.57
2008-07-03,5.60
2008-07-04,.
2008-07-07,5.57
2008-07-08,5.52
2008-07-09,5.50
2008-07-10,5.49
2008-07-11,5.59
2008-07-14,5.54
2008-07-15,5.58
2008-07-16,5.70
2008-07-17,5.75
2008-07-18,5.77
2008-07-21,5.76
2008-07-22,5.78
2008-07-23,5.81
2008-07-24,5.72
2008-07-25,5.81
2008-07-28,5.73
2008-07-29,5.74
2008-07-30,5.76
2008-07-31,5.73
2008-08-01,5.70
2008-08-04,5.72
2008-08-05,5.76
2008-08-06,5.82
2008-08-07,5.70
2008-08-08,5.68
2008-08-11,5.74
2008-08-12,5.68
2008-08-13,5.70
2008-08-14,5.65
2008-08-15,5.61
2008-08-18,5.57
2008-08-19,5.60
2008-08-20,5.57
2008-08-21,5.59
2008-08-22,5.59
2008-08-25,5.53
2008-08-26,5.53
2008-08-27,5.51
2008-08-28,5.51
2008-08-29,5.60
2008-09-01,.
2008-09-02,5.54
2008-09-03,5.50
2008-09-04,5.46
2008-09-05,5.46
2008-09-08,5.45
2008-09-09,5.37
2008-09-10,5.46
2008-09-11,5.44
2008-09-12,5.56
2008-09-15,5.46
2008-09-16,5.49
2008-09-17,5.58
2008-09-18,5.68
2008-09-19,5.93
2008-09-22,5.91
2008-09-23,5.94
2008-09-24,5.88
2008-09-25,5.92
2008-09-26,5.91
2008-09-29,5.76
2008-09-30,6.01
2008-10-01,6.02
2008-10-02,6.04
2008-10-03,5.98
2008-10-06,5.89
2008-10-07,5.97
2008-10-08,6.11
2008-10-09,6.19
2008-10-10,6.43
2008-10-13,.
2008-10-14,6.55
2008-10-15,6.32
2008-10-16,6.47
2008-10-17,6.55
2008-10-20,6.51
2008-10-21,6.44
2008-10-22,6.29
2008-10-23,6.11
2008-10-24,6.24
2008-10-27,6.27
2008-10-28,6.37
2008-10-29,6.43
2008-10-30,6.47
2008-10-31,6.54
2008-11-03,6.45
2008-11-04,6.36
2008-11-05,6.30
2008-11-06,6.33
2008-11-07,6.39
2008-11-10,6.34
2008-11-11,.
2008-11-12,6.30
2008-11-13,6.47
2008-11-14,6.35
2008-11-17,6.33
2008-11-18,6.15
2008-11-19,5.97
2008-11-20,5.69
2008-11-21,5.82
2008-11-24,5.92
2008-11-25,5.75
2008-11-26,5.72
2008-11-27,.
2008-11-28,5.60
2008-12-01,5.35
2008-12-02,5.32
2008-12-03,5.30
2008-12-04,5.25
2008-12-05,5.32
2008-12-08,5.36
2008-12-09,5.30
2008-12-10,5.39
2008-12-11,5.37
2008-12-12,5.35
2008-12-15,5.29
2008-12-16,5.16
2008-12-17,4.94
2008-12-18,4.72
2008-12-19,4.62
2008-12-22,4.66
2008-12-23,4.75
2008-12-24,4.75
2008-12-25,.
2008-12-26,4.72
2008-12-29,4.74
2008-12-30,4.64
2008-12-31,4.70
2009-01-01,.
2009-01-02,4.83
2009-01-05,5.05
2009-01-06,5.05
2009-01-07,5.05
2009-01-08,5.03
2009-01-09,5.02
2009-01-12,4.97
2009-01-13,4.96
2009-01-14,4.84
2009-01-15,4.82
2009-01-16,4.84
2009-01-19,.
2009-01-20,4.90
2009-01-21,5.09
2009-01-22,5.21
2009-01-23,5.18
2009-01-26,5.24
2009-01-27,5.05
2009-01-28,5.20
2009-01-29,5.32
2009-01-30,5.32
2009-02-02,5.19
2009-02-03,5.28
2009-02-04,5.34
2009-02-05,5.30
2009-02-06,5.35
2009-02-09,5.37
2009-02-10,5.22
2009-02-11,5.07
2009-02-12,5.09
2009-02-13,5.32
2009-02-16,.
2009-02-17,5.12
2009-02-18,5.19
2009-02-19,5.40
2009-02-20,5.28
2009-02-23,5.23
2009-02-24,5.21
2009-02-25,5.31
2009-02-26,5.36
2009-02-27,5.43
2009-03-02,5.41
2009-03-03,5.44
2009-03-04,5.46
2009-03-05,5.32
2009-03-06,5.38
2009-03-09,5.42
2009-03-10,5.54
2009-03-11,5.49
2009-03-12,5.47
2009-03-13,5.51
2009-03-16,5.70
2009-03-17,5.75
2009-03-18,5.51
2009-03-19,5.55
2009-03-20,5.59
2009-03-23,5.62
2009-03-24,5.44
2009-03-25,5.55
2009-03-26,5.48
2009-03-27,5.45
2009-03-30,5.43
2009-03-31,5.39
2009-04-01,5.32
2009-04-02,5.40
2009-04-03,5.50
2009-04-06,5.53
2009-04-07,5.50
2009-04-08,5.43
2009-04-09,5.43
2009-04-10,.
2009-04-13,5.33
2009-04-14,5.30
2009-04-15,5.29
2009-04-16,5.35
2009-04-17,5.33
2009-04-20,5.23
2009-04-21,5.29
2009-04-22,5.38
2009-04-23,5.34
2009-04-24,5.42
2009-04-27,5.39
2009-04-28,5.50
2009-04-29,5.46
2009-04-30,5.45
2009-05-01,5.50
2009-05-04,5.47
2009-05-05,5.39
2009-05-06,5.42
2009-05-07,5.60
2009-05-08,5.60
2009-05-11,5.51
2009-05-12,5.48
2009-05-13,5.41
2009-05-14,5.39
2009-05-15,5.41
2009-05-18,5.50
2009-05-19,5.53
2009-05-20,5.48
2009-05-21,5.63
2009-05-22,5.72
2009-05-25,.
2009-05-26,5.77
2009-05-27,5.88
2009-05-28,5.75
2009-05-29,5.36
2009-06-01,5.70
2009-06-02,5.62
2009-06-03,5.57
2009-06-04,5.72
2009-06-05,5.78
2009-06-08,5.76
2009-06-09,5.78
2009-06-10,5.87
2009-06-11,5.81
2009-06-12,5.76
2009-06-15,5.68
2009-06-16,5.63
2009-06-17,5.59
2009-06-18,5.62
2009-06-19,5.53
2009-06-22,5.48
2009-06-23,5.43
2009-06-24,5.49
2009-06-25,5.41
2009-06-26,5.36
2009-06-29,5.37
2009-06-30,5.37
2009-07-01,5.45
2009-07-02,5.40
2009-07-03,.
2009-07-06,5.43
2009-07-07,5.38
2009-07-08,5.24
2009-07-09,5.39
2009-07-10,5.28
2009-07-13,5.31
2009-07-14,5.43
2009-07-15,5.51
2009-07-16,5.45
2009-07-17,5.52
2009-07-20,5.46
2009-07-21,5.34
2009-07-22,5.43
2009-07-23,5.55
2009-07-24,5.50
2009-07-27,5.57
2009-07-28,5.50
2009-07-29,5.41
2009-07-30,5.33
2009-07-31,5.18
2009-08-03,5.29
2009-08-04,5.28
2009-08-05,5.36
2009-08-06,5.31
2009-08-07,5.46
2009-08-10,5.37
2009-08-11,5.31
2009-08-12,5.40
2009-08-13,5.29
2009-08-14,5.31
2009-08-17,5.24
2009-08-18,5.28
2009-08-19,5.21
2009-08-20,5.18
2009-08-21,5.30
2009-08-24,5.20
2009-08-25,5.14
2009-08-26,5.11
2009-08-27,5.14
2009-08-28,5.12
2009-08-31,5.12
2009-09-01,5.14
2009-09-02,5.04
2009-09-03,5.09
2009-09-04,5.21
2009-09-07,.
2009-09-08,5.25
2009-09-09,5.26
2009-09-10,5.10
2009-09-11,5.10
2009-09-14,5.13
2009-09-15,5.17
2009-09-16,5.17
2009-09-17,5.09
2009-09-18,5.19
2009-09-21,5.20
2009-09-22,5.16
2009-09-23,5.15
2009-09-24,5.13
2009-09-25,5.05
2009-09-28,5.00
2009-09-29,4.99
2009-09-30,5.04
2009-10-01,4.95
2009-10-02,5.03
2009-10-05,5.03
2009-10-06,5.06
2009-10-07,4.97
2009-10-08,5.07
2009-10-09,5.19
2009-10-12,.
2009-10-13,5.12
2009-10-14,5.24
2009-10-15,5.28
2009-10-16,5.20
2009-10-19,5.16
2009-10-20,5.11
2009-10-21,5.17
2009-10-22,5.19
2009-10-23,5.17
2009-10-26,5.31
2009-10-27,5.21
2009-10-28,5.16
2009-10-29,5.27
2009-10-30,5.16
2009-11-02,5.19
2009-11-03,5.24
2009-11-04,5.32
2009-11-05,5.33
2009-11-06,5.28
2009-11-09,5.29
2009-11-10,5.30
2009-11-11,.
2009-11-12,5.27
2009-11-13,5.24
2009-11-16,5.14
2009-11-17,5.13
2009-11-18,5.18
2009-11-19,5.17
2009-11-20,5.16
2009-11-23,5.11
2009-11-24,5.08
2009-11-25,5.06
2009-11-26,.
2009-11-27,5.03
2009-11-30,5.01
2009-12-01,5.09
2009-12-02,5.09
2009-12-03,5.14
2009-12-04,5.23
2009-12-07,5.22
2009-12-08,5.19
2009-12-09,5.22
2009-12-10,5.31
2009-12-11,5.31
2009-12-14,5.27
2009-12-15,5.33
2009-12-16,5.30
2009-12-17,5.18
2009-12-18,5.22
2009-12-21,5.30
2009-12-22,5.31
2009-12-23,5.30
2009-12-24,5.38
2009-12-25,.
2009-12-28,5.40
2009-12-29,5.34
2009-12-30,5.30
2009-12-31,5.33
2010-01-01,.
2010-01-04,5.35
2010-01-05,5.24
2010-01-06,5.30
2010-01-07,5.31
2010-01-08,5.32
2010-01-11,5.35
2010-01-12,5.25
2010-01-13,5.32
2010-01-14,5.17
2010-01-15,5.12
2010-01-18,.
2010-01-19,5.22
2010-01-20,5.24
2010-01-21,5.21
2010-01-22,5.21
2010-01-25,5.29
2010-01-26,5.30
2010-01-27,5.28
2010-01-28,5.30
2010-01-29,5.24
2010-02-01,5.30
2010-02-02,5.28
2010-02-03,5.36
2010-02-04,5.27
2010-02-05,5.24
2010-02-08,5.27
2010-02-09,5.32
2010-02-10,5.39
2010-02-11,5.43
2010-02-12,5.41
2010-02-15,.
2010-02-16,5.39
2010-02-17,5.46
2010-02-18,5.49
2010-02-19,5.43
2010-02-22,5.45
2010-02-23,5.33
2010-02-24,5.32
2010-02-25,5.26
2010-02-26,5.21
2010-03-01,5.22
2010-03-02,5.23
2010-03-03,5.25
2010-03-04,5.22
2010-03-05,5.29
2010-03-08,5.29
2010-03-09,5.29
2010-03-10,5.30
2010-03-11,5.28
2010-03-12,5.24
2010-03-15,5.25
2010-03-16,5.20
2010-03-17,5.18
2010-03-18,5.21
2010-03-19,5.20
2010-03-22,5.19
2010-03-23,5.22
2010-03-24,5.34
2010-03-25,5.40
2010-03-26,5.35
2010-03-29,5.37
2010-03-30,5.37
2010-03-31,5.32
2010-04-01,5.33
2010-04-02,5.40
2010-04-05,5.44
2010-04-06,5.45
2010-04-07,5.34
2010-04-08,5.35
2010-04-09,5.34
2010-04-12,5.29
2010-04-13,5.26
2010-04-14,5.31
2010-04-15,5.31
2010-04-16,5.25
2010-04-19,5.28
2010-04-20,5.27
2010-04-21,5.20
2010-04-22,5.23
2010-04-23,5.26
2010-04-26,5.27
2010-04-27,5.15
2010-04-28,5.24
2010-04-29,5.19
2010-04-30,5.13
2010-05-03,5.15
2010-05-04,5.06
2010-05-05,5.03
2010-05-06,4.80
2010-05-07,4.95
2010-05-10,5.07
2010-05-11,5.09
2010-05-12,5.13
2010-05-13,5.11
2010-05-14,4.97
2010-05-17,4.99
2010-05-18,4.89
2010-05-19,4.88
2010-05-20,4.83
2010-05-21,4.78
2010-05-24,4.83
2010-05-25,4.77
2010-05-26,4.89
2010-05-27,5.04
2010-05-28,5.01
2010-05-31,.
2010-06-01,4.95
2010-06-02,5.02
2010-06-03,5.05
2010-06-04,4.88
2010-06-07,4.89
2010-06-08,4.86
2010-06-09,4.88
2010-06-10,5.00
2010-06-11,4.89
2010-06-14,4.96
2010-06-15,4.99
2010-06-16,4.96
2010-06-17,4.86
2010-06-18,4.87
2010-06-21,4.89
2010-06-22,4.82
2010-06-23,4.82
2010-06-24,4.85
2010-06-25,4.83
2010-06-28,4.78
2010-06-29,4.71
2010-06-30,4.66
2010-07-01,4.62
2010-07-02,4.69
2010-07-05,.
2010-07-06,4.64
2010-07-07,4.71
2010-07-08,4.75
2010-07-09,4.79
2010-07-12,4.79
2010-07-13,4.86
2010-07-14,4.76
2010-07-15,4.68
2010-07-16,4.67
2010-07-19,4.70
2010-07-20,4.68
2010-07-21,4.61
2010-07-22,4.70
2010-07-23,4.74
2010-07-26,4.74
2010-07-27,4.81
2010-07-28,4.76
2010-07-29,4.80
2010-07-30,4.70
2010-08-02,4.78
2010-08-03,4.73
2010-08-04,4.75
2010-08-05,4.72
2010-08-06,4.65
2010-08-09,4.66
2010-08-10,4.68
2010-08-11,4.57
2010-08-12,4.58
2010-08-13,4.52
2010-08-16,4.36
2010-08-17,4.47
2010-08-18,4.43
2010-08-19,4.36
2010-08-20,4.36
2010-08-23,4.37
2010-08-24,4.27
2010-08-25,4.28
2010-08-26,4.24
2010-08-27,4.41
2010-08-30,4.34
2010-08-31,4.26
2010-09-01,4.38
2010-09-02,4.45
2010-09-03,4.50
2010-09-06,.
2010-09-07,4.39
2010-09-08,4.45
2010-09-09,4.56
2010-09-10,4.59
2010-09-13,4.57
2010-09-14,4.51
2010-09-15,4.59
2010-09-16,4.64
2010-09-17,4.63
2010-09-20,4.59
2010-09-21,4.57
2010-09-22,4.49
2010-09-23,4.52
2010-09-24,4.60
2010-09-27,4.51
2010-09-28,4.47
2010-09-29,4.51
2010-09-30,4.54
2010-10-01,4.57
2010-10-04,4.57
2010-10-05,4.58
2010-10-06,4.51
2010-10-07,4.56
2010-10-08,4.58
2010-10-11,.
2010-10-12,4.63
2010-10-13,4.66
2010-10-14,4.72
2010-10-15,4.81
2010-10-18,4.74
2010-10-19,4.70
2010-10-20,4.69
2010-10-21,4.71
2010-10-22,4.70
2010-10-25,4.69
2010-10-26,4.78
2010-10-27,4.80
2010-10-28,4.81
2010-10-29,4.75
2010-11-01,4.76
2010-11-02,4.66
2010-11-03,4.78
2010-11-04,4.75
2010-11-05,4.78
2010-11-08,4.79
2010-11-09,4.93
2010-11-10,4.92
2010-11-11,4.92
2010-11-12,4.95
2010-11-15,5.07
2010-11-16,4.95
2010-11-17,4.97
2010-11-18,4.98
2010-11-19,4.93
2010-11-22,4.89
2010-11-23,4.85
2010-11-24,4.98
2010-11-25,.
2010-11-26,4.88
2010-11-29,4.84
2010-11-30,4.79
2010-12-01,4.92
2010-12-02,4.95
2010-12-03,5.00
2010-12-06,4.93
2010-12-07,5.09
2010-12-08,5.07
2010-12-09,5.01
2010-12-10,5.03
2010-12-13,4.99
2010-12-14,5.15
2010-12-15,5.17
2010-12-16,5.14
2010-12-17,4.97
2010-12-20,5.01
2010-12-21,4.98
2010-12-22,5.00
2010-12-23,5.03
2010-12-24,.
2010-12-27,4.97
2010-12-28,5.10
2010-12-29,4.96
2010-12-30,4.98
2010-12-31,4.88
2011-01-03,4.93
2011-01-04,4.97
2011-01-05,5.09
2011-01-06,5.06
2011-01-07,5.02
2011-01-10,4.99
2011-01-11,4.99
2011-01-12,5.02
2011-01-13,5.00
2011-01-14,5.03
2011-01-17,.
2011-01-18,5.06
2011-01-19,5.02
2011-01-20,5.12
2011-01-21,5.07
2011-01-24,5.06
2011-01-25,4.98
2011-01-26,5.12
2011-01-27,5.09
2011-01-28,5.07
2011-01-31,5.12
2011-02-01,5.16
2011-02-02,5.18
2011-02-03,5.21
2011-02-04,5.28
2011-02-07,5.26
2011-02-08,5.31
2011-02-09,5.24
2011-02-10,5.31
2011-02-11,5.26
2011-02-14,5.21
2011-02-15,5.26
2011-02-16,5.27
2011-02-17,5.26
2011-02-18,5.29
2011-02-21,.
2011-02-22,5.20
2011-02-23,5.20
2011-02-24,5.14
2011-02-25,5.12
2011-02-28,5.09
2011-03-01,5.09
2011-03-02,5.16
2011-03-03,5.21
2011-03-04,5.17
2011-03-07,5.19
2011-03-08,5.24
2011-03-09,5.18
2011-03-10,5.13
2011-03-11,5.13
2011-03-14,5.12
2011-03-15,5.10
2011-03-16,5.02
2011-03-17,5.05
2011-03-18,5.07
2011-03-21,5.09
2011-03-22,5.08
2011-03-23,5.09
2011-03-24,5.11
2011-03-25,5.14
2011-03-28,5.12
2011-03-29,5.18
2011-03-30,5.16
2011-03-31,5.15
2011-04-01,5.13
2011-04-04,5.13
2011-04-05,5.15
2011-04-06,5.22
2011-04-07,5.22
2011-04-08,5.23
2011-04-11,5.23
2011-04-12,5.19
2011-04-13,5.16
2011-04-14,5.15
2011-04-15,5.08
2011-04-18,5.16
2011-04-19,5.13
2011-04-20,5.16
2011-04-21,5.18
2011-04-22,.
2011-04-25,5.16
2011-04-26,5.10
2011-04-27,5.17
2011-04-28,5.11
2011-04-29,5.09
2011-05-02,5.08
2011-05-03,5.03
2011-05-04,5.00
2011-05-05,4.94
2011-05-06,4.96
2011-05-09,4.97
2011-05-10,5.00
2011-05-11,4.96
2011-05-12,5.02
2011-05-13,4.97
2011-05-16,4.91
2011-05-17,4.86
2011-05-18,4.92
2011-05-19,4.96
2011-05-20,4.98
2011-05-23,4.95
2011-05-24,4.95
2011-05-25,4.97
2011-05-26,4.92
2011-05-27,4.95
2011-05-30,.
2011-05-31,4.94
2011-06-01,4.88
2011-06-02,4.99
2011-06-03,4.97
2011-06-06,5.01
2011-06-07,5.01
2011-06-08,4.95
2011-06-09,4.97
2011-06-10,4.93
2011-06-13,4.98
2011-06-14,5.06
2011-06-15,4.96
2011-06-16,4.92
2011-06-17,4.96
2011-06-20,4.96
2011-06-21,4.98
2011-06-22,4.98
2011-06-23,4.92
2011-06-24,4.93
2011-06-27,5.04
2011-06-28,5.09
2011-06-29,5.13
2011-06-30,5.14
2011-07-01,5.16
2011-07-04,.
2011-07-05,5.13
2011-07-06,5.08
2011-07-07,5.07
2011-07-08,4.98
2011-07-11,4.89
2011-07-12,4.87
2011-07-13,4.86
2011-07-14,4.92
2011-07-15,4.91
2011-07-18,4.95
2011-07-19,4.84
2011-07-20,4.91
2011-07-21,4.96
2011-07-22,4.88
2011-07-25,4.94
2011-07-26,4.88
2011-07-27,4.88
2011-07-28,4.84
2011-07-29,4.67
2011-08-01,4.59
2011-08-02,4.44
2011-08-03,4.42
2011-08-04,4.31
2011-08-05,4.41
2011-08-08,4.33
2011-08-09,4.24
2011-08-10,4.21
2011-08-11,4.46
2011-08-12,4.34
2011-08-15,4.40
2011-08-16,4.31
2011-08-17,4.37
2011-08-18,4.27
2011-08-19,4.22
2011-08-22,4.23
2011-08-23,4.33
2011-08-24,4.47
2011-08-25,4.45
2011-08-26,4.39
2011-08-29,4.48
2011-08-30,4.33
2011-08-31,4.41
2011-09-01,4.33
2011-09-02,4.13
2011-09-05,.
2011-09-06,4.08
2011-09-07,4.17
2011-09-08,4.13
2011-09-09,4.07
2011-09-12,4.06
2011-09-13,4.15
2011-09-14,4.14
2011-09-15,4.19
2011-09-16,4.18
2011-09-19,4.04
2011-09-20,4.05
2011-09-21,4.04
2011-09-22,3.84
2011-09-23,3.93
2011-09-26,4.06
2011-09-27,4.15
2011-09-28,4.10
2011-09-29,4.01
2011-09-30,3.96
2011-10-03,3.80
2011-10-04,3.79
2011-10-05,3.92
2011-10-06,3.99
2011-10-07,4.05
2011-10-10,.
2011-10-11,4.06
2011-10-12,4.13
2011-10-13,4.06
2011-10-14,4.13
2011-10-17,4.00
2011-10-18,3.96
2011-10-19,3.97
2011-10-20,3.98
2011-10-21,3.99
2011-10-24,4.01
2011-10-25,3.87
2011-10-26,3.95
2011-10-27,4.07
2011-10-28,3.97
2011-10-31,3.88
2011-11-01,3.73
2011-11-02,3.82
2011-11-03,3.90
2011-11-04,3.88
2011-11-07,3.82
2011-11-08,3.93
2011-11-09,3.84
2011-11-10,3.93
2011-11-11,.
2011-11-14,3.89
2011-11-15,3.93
2011-11-16,3.91
2011-11-17,3.83
2011-11-18,3.90
2011-11-21,3.84
2011-11-22,3.81
2011-11-23,3.72
2011-11-24,.
2011-11-25,3.85
2011-11-28,3.89
2011-11-29,3.96
2011-11-30,4.07
2011-12-01,4.10
2011-12-02,3.98
2011-12-05,4.03
2011-12-06,4.07
2011-12-07,4.00
2011-12-08,3.95
2011-12-09,4.05
2011-12-12,4.02
2011-12-13,3.98
2011-12-14,3.88
2011-12-15,3.90
2011-12-16,3.82
2011-12-19,3.76
2011-12-20,3.87
2011-12-21,3.90
2011-12-22,3.88
2011-12-23,3.98
2011-12-26,.
2011-12-27,3.94
2011-12-28,3.79
2011-12-29,3.80
2011-12-30,3.77
2012-01-02,.
2012-01-03,3.84
2012-01-04,3.89
2012-01-05,3.91
2012-01-06,3.85
2012-01-09,3.86
2012-01-10,3.86
2012-01-11,3.80
2012-01-12,3.90
2012-01-13,3.81
2012-01-16,.
2012-01-17,3.79
2012-01-18,3.78
2012-01-19,3.87
2012-01-20,3.86
2012-01-23,3.91
2012-01-24,3.92
2012-01-25,3.93
2012-01-26,3.88
2012-01-27,3.85
2012-01-30,3.77
2012-01-31,3.72
2012-02-01,3.80
2012-02-02,3.79
2012-02-03,3.93
2012-02-06,3.87
2012-02-07,3.92
2012-02-08,3.91
2012-02-09,3.91
2012-02-10,3.82
2012-02-13,3.86
2012-02-14,3.78
2012-02-15,3.81
2012-02-16,3.87
2012-02-17,3.87
2012-02-20,.
2012-02-21,3.90
2012-02-22,3.86
2012-02-23,3.84
2012-02-24,3.81
2012-02-27,3.78
2012-02-28,3.80
2012-02-29,3.80
2012-03-01,3.87
2012-03-02,3.83
2012-03-05,3.86
2012-03-06,3.82
2012-03-07,3.86
2012-03-08,3.91
2012-03-09,3.93
2012-03-12,3.90
2012-03-13,3.97
2012-03-14,4.14
2012-03-15,4.11
2012-03-16,4.11
2012-03-19,4.18
2012-03-20,4.16
2012-03-21,4.06
2012-03-22,4.04
2012-03-23,3.99
2012-03-26,4.01
2012-03-27,3.98
2012-03-28,3.99
2012-03-29,3.96
2012-03-30,4.04
2012-04-02,4.03
2012-04-03,4.10
2012-04-04,4.07
2012-04-05,4.02
2012-04-06,3.94
2012-04-09,3.91
2012-04-10,3.87
2012-04-11,3.98
2012-04-12,3.99
2012-04-13,3.93
2012-04-16,3.90
2012-04-17,3.94
2012-04-18,3.91
2012-04-19,3.93
2012-04-20,3.95
2012-04-23,3.92
2012-04-24,3.95
2012-04-25,3.98
2012-04-26,3.97
2012-04-27,3.95
2012-04-30,3.95
2012-05-01,4.00
2012-05-02,3.95
2012-05-03,3.95
2012-05-04,3.91
2012-05-07,3.90
2012-05-08,3.86
2012-05-09,3.87
2012-05-10,3.89
2012-05-11,3.84
2012-05-14,3.78
2012-05-15,3.76
2012-05-16,3.73
2012-05-17,3.63
2012-05-18,3.72
2012-05-21,3.73
2012-05-22,3.82
2012-05-23,3.71
2012-05-24,3.76
2012-05-25,3.76
2012-05-28,.
2012-05-29,3.75
2012-05-30,3.68
2012-05-31,3.63
2012-06-01,3.54
2012-06-04,3.58
2012-06-05,3.62
2012-06-06,3.71
2012-06-07,3.71
2012-06-08,3.71
2012-06-11,3.67
2012-06-12,3.72
2012-06-13,3.66
2012-06-14,3.66
2012-06-15,3.64
2012-06-18,3.63
2012-06-19,3.67
2012-06-20,3.64
2012-06-21,3.61
2012-06-22,3.67
2012-06-25,3.60
2012-06-26,3.59
2012-06-27,3.59
2012-06-28,3.56
2012-06-29,3.66
2012-07-02,3.58
2012-07-03,3.63
2012-07-04,.
2012-07-05,3.61
2012-07-06,3.56
2012-07-09,3.47
2012-07-10,3.44
2012-07-11,3.44
2012-07-12,3.41
2012-07-13,3.43
2012-07-16,3.39
2012-07-17,3.42
2012-07-18,3.35
2012-07-19,3.37
2012-07-20,3.30
2012-07-23,3.27
2012-07-24,3.23
2012-07-25,3.22
2012-07-26,3.25
2012-07-27,3.35
2012-07-30,3.29
2012-07-31,3.29
2012-08-01,3.32
2012-08-02,3.28
2012-08-03,3.39
2012-08-06,3.38
2012-08-07,3.45
2012-08-08,3.47
2012-08-09,3.48
2012-08-10,3.45
2012-08-13,3.46
2012-08-14,3.55
2012-08-15,3.64
2012-08-16,3.67
2012-08-17,3.65
2012-08-20,3.63
2012-08-21,3.61
2012-08-22,3.51
2012-08-23,3.47
2012-08-24,3.48
2012-08-27,3.43
2012-08-28,3.41
2012-08-29,3.41
2012-08-30,3.43
2012-08-31,3.36
2012-09-03,.
2012-09-04,3.39
2012-09-05,3.40
2012-09-06,3.46
2012-09-07,3.47
2012-09-10,3.48
2012-09-11,3.47
2012-09-12,3.56
2012-09-13,3.59
2012-09-14,3.67
2012-09-17,3.61
2012-09-18,3.59
2012-09-19,3.55
2012-09-20,3.50
2012-09-21,3.50
2012-09-24,3.45
2012-09-25,3.41
2012-09-26,3.33
2012-09-27,3.37
2012-09-28,3.42
2012-10-01,3.41
2012-10-02,3.39
2012-10-03,3.41
2012-10-04,3.47
2012-10-05,3.52
2012-10-08,.
2012-10-09,3.49
2012-10-10,3.44
2012-10-11,3.42
2012-10-12,3.40
2012-10-15,3.41
2012-10-16,3.48
2012-10-17,3.56
2012-10-18,3.56
2012-10-19,3.49
2012-10-22,3.50
2012-10-23,3.47
2012-10-24,3.49
2012-10-25,3.54
2012-10-26,3.48
2012-10-29,3.44
2012-10-30,.
2012-10-31,3.40
2012-11-01,3.45
2012-11-02,3.47
2012-11-05,3.42
2012-11-06,3.48
2012-11-07,3.40
2012-11-08,3.42
2012-11-09,3.40
2012-11-12,.
2012-11-13,3.41
2012-11-14,3.44
2012-11-15,3.49
2012-11-16,3.49
2012-11-19,3.53
2012-11-20,3.57
2012-11-21,3.60
2012-11-22,.
2012-11-23,3.60
2012-11-26,3.57
2012-11-27,3.56
2012-11-28,3.54
2012-11-29,3.56
2012-11-30,3.58
2012-12-03,3.59
2012-12-04,3.56
2012-12-05,3.56
2012-12-06,3.55
2012-12-07,3.60
2012-12-10,3.59
2012-12-11,3.62
2012-12-12,3.68
2012-12-13,3.69
2012-12-14,3.66
2012-12-17,3.71
2012-12-18,3.80
2012-12-19,3.74
2012-12-20,3.73
2012-12-21,3.66
2012-12-24,3.68
2012-12-25,.
2012-12-26,3.68
2012-12-27,3.62
2012-12-28,3.62
2012-12-31,3.67
2013-01-01,.
2013-01-02,3.77
2013-01-03,3.81
2013-01-04,3.81
2013-01-07,3.80
2013-01-08,3.77
2013-01-09,3.75
2013-01-10,3.78
2013-01-11,3.77
2013-01-14,3.76
2013-01-15,3.74
2013-01-16,3.74
2013-01-17,3.79
2013-01-18,3.75
2013-01-21,.
2013-01-22,3.74
2013-01-23,3.75
2013-01-24,3.76
2013-01-25,3.85
2013-01-28,3.87
2013-01-29,3.91
2013-01-30,3.93
2013-01-31,3.90
2013-02-01,3.93
2013-02-04,3.90
2013-02-05,3.94
2013-02-06,3.90
2013-02-07,3.88
2013-02-08,3.89
2013-02-11,3.87
2013-02-12,3.91
2013-02-13,3.94
2013-02-14,3.90
2013-02-15,3.91
2013-02-18,.
2013-02-19,3.95
2013-02-20,3.96
2013-02-21,3.91
2013-02-22,3.90
2013-02-25,3.84
2013-02-26,3.82
2013-02-27,3.85
2013-02-28,3.84
2013-03-01,3.83
2013-03-04,3.85
2013-03-05,3.87
2013-03-06,3.91
2013-03-07,3.96
2013-03-08,4.02
2013-03-11,4.02
2013-03-12,3.98
2013-03-13,3.98
2013-03-14,4.01
2013-03-15,3.99
2013-03-18,3.95
2013-03-19,3.90
2013-03-20,3.94
2013-03-21,3.93
2013-03-22,3.91
2013-03-25,3.92
2013-03-26,3.91
2013-03-27,3.87
2013-03-28,3.90
2013-03-29,.
2013-04-01,3.89
2013-04-02,3.90
2013-04-03,3.86
2013-04-04,3.79
2013-04-05,3.68
2013-04-08,3.72
2013-04-09,3.74
2013-04-10,3.79
2013-04-11,3.78
2013-04-12,3.70
2013-04-15,3.67
2013-04-16,3.70
2013-04-17,3.68
2013-04-18,3.65
2013-04-19,3.70
2013-04-22,3.70
2013-04-23,3.70
2013-04-24,3.70
2013-04-25,3.72
2013-04-26,3.67
2013-04-29,3.69
2013-04-30,3.70
2013-05-01,3.65
2013-05-02,3.64
2013-05-03,3.77
2013-05-06,3.78
2013-05-07,3.79
2013-05-08,3.78
2013-05-09,3.80
2013-05-10,3.89
2013-05-13,3.90
2013-05-14,3.93
2013-05-15,3.93
2013-05-16,3.85
2013-05-17,3.94
2013-05-20,3.94
2013-05-21,3.92
2013-05-22,3.98
2013-05-23,3.97
2013-05-24,3.94
2013-05-27,.
2013-05-28,4.06
2013-05-29,4.04
2013-05-30,4.06
2013-05-31,4.09
2013-06-03,4.06
2013-06-04,4.10
2013-06-05,4.07
2013-06-06,4.10
2013-06-07,4.19
2013-06-10,4.24
2013-06-11,4.24
2013-06-12,4.28
2013-06-13,4.23
2013-06-14,4.19
2013-06-17,4.24
2013-06-18,4.23
2013-06-19,4.30
2013-06-20,4.44
2013-06-21,4.43
2013-06-24,4.46
2013-06-25,4.46
2013-06-26,4.43
2013-06-27,4.38
2013-06-28,4.32
2013-07-01,4.30
2013-07-02,4.28
2013-07-03,4.28
2013-07-04,.
2013-07-05,4.45
2013-07-08,4.36
2013-07-09,4.37
2013-07-10,4.42
2013-07-11,4.34
2013-07-12,4.37
2013-07-15,4.33
2013-07-16,4.30
2013-07-17,4.29
2013-07-18,4.35
2013-07-19,4.30
2013-07-22,4.29
2013-07-23,4.31
2013-07-24,4.37
2013-07-25,4.38
2013-07-26,4.33
2013-07-29,4.37
2013-07-30,4.40
2013-07-31,4.38
2013-08-01,4.51
2013-08-02,4.42
2013-08-05,4.46
2013-08-06,4.47
2013-08-07,4.42
2013-08-08,4.41
2013-08-09,4.41
2013-08-12,4.45
2013-08-13,4.54
2013-08-14,4.53
2013-08-15,4.60
2013-08-16,4.66
2013-08-19,4.71
2013-08-20,4.66
2013-08-21,4.69
2013-08-22,4.69
2013-08-23,4.60
2013-08-26,4.60
2013-08-27,4.51
2013-08-28,4.58
2013-08-29,4.52
2013-08-30,4.49
2013-09-02,.
2013-09-03,4.61
2013-09-04,4.63
2013-09-05,4.72
2013-09-06,4.72
2013-09-09,4.68
2013-09-10,4.73
2013-09-11,4.71
2013-09-12,4.69
2013-09-13,4.69
2013-09-16,4.72
2013-09-17,4.71
2013-09-18,4.63
2013-09-19,4.66
2013-09-20,4.62
2013-09-23,4.60
2013-09-24,4.53
2013-09-25,4.50
2013-09-26,4.55
2013-09-27,4.54
2013-09-30,4.56
2013-10-01,4.59
2013-10-02,4.58
2013-10-03,4.57
2013-10-04,4.60
2013-10-07,4.57
2013-10-08,4.56
2013-10-09,4.59
2013-10-10,4.59
2013-10-11,4.58
2013-10-14,.
2013-10-15,4.62
2013-10-16,4.57
2013-10-17,4.50
2013-10-18,4.50
2013-10-21,4.53
2013-10-22,4.45
2013-10-23,4.43
2013-10-24,4.46
2013-10-25,4.44
2013-10-28,4.45
2013-10-29,4.47
2013-10-30,4.48
2013-10-31,4.48
2013-11-01,4.54
2013-11-04,4.54
2013-11-05,4.60
2013-11-06,4.61
2013-11-07,4.57
2013-11-08,4.69
2013-11-11,.
2013-11-12,4.70
2013-11-13,4.67
2013-11-14,4.65
2013-11-15,4.65
2013-11-18,4.58
2013-11-19,4.62
2013-11-20,4.72
2013-11-21,4.70
2013-11-22,4.65
2013-11-25,4.65
2013-11-26,4.59
2013-11-27,4.62
2013-11-28,.
2013-11-29,4.62
2013-12-02,4.67
2013-12-03,4.65
2013-12-04,4.71
2013-12-05,4.72
2013-12-06,4.72
2013-12-09,4.70
2013-12-10,4.64
2013-12-11,4.66
2013-12-12,4.66
2013-12-13,4.63
2013-12-16,4.65
2013-12-17,4.63
2013-12-18,4.63
2013-12-19,4.57
2013-12-20,4.49
2013-12-23,4.51
2013-12-24,4.57
2013-12-25,.
2013-12-26,4.59
2013-12-27,4.57
2013-12-30,4.53
2013-12-31,4.57
2014-01-01,.
2014-01-02,4.55
2014-01-03,4.56
2014-01-06,4.53
2014-01-07,4.51
2014-01-08,4.53
2014-01-09,4.56
2014-01-10,4.50
2014-01-13,4.47
2014-01-14,4.50
2014-01-15,4.50
2014-01-16,4.48
2014-01-17,4.47
2014-01-20,.
2014-01-21,4.46
2014-01-22,4.48
2014-01-23,4.43
2014-01-24,4.45
2014-01-27,4.48
2014-01-28,4.48
2014-01-29,4.43
2014-01-30,4.44
2014-01-31,4.43
2014-02-03,4.35
2014-02-04,4.42
2014-02-05,4.48
2014-02-06,4.50
2014-02-07,4.49
2014-02-10,4.48
2014-02-11,4.50
2014-02-12,4.54
2014-02-13,4.49
2014-02-14,4.50
2014-02-17,.
2014-02-18,4.47
2014-02-19,4.50
2014-02-20,4.52
2014-02-21,4.44
2014-02-24,4.45
2014-02-25,4.39
2014-02-26,4.37
2014-02-27,4.33
2014-02-28,4.32
2014-03-03,4.29
2014-03-04,4.37
2014-03-05,4.38
2014-03-06,4.42
2014-03-07,4.46
2014-03-10,4.46
2014-03-11,4.46
2014-03-12,4.42
2014-03-13,4.35
2014-03-14,4.37
2014-03-17,4.41
2014-03-18,4.41
2014-03-19,4.45
2014-03-20,4.44
2014-03-21,4.39
2014-03-24,4.35
2014-03-25,4.36
2014-03-26,4.33
2014-03-27,4.29
2014-03-28,4.31
2014-03-31,4.32
2014-04-01,4.30
2014-04-02,4.34
2014-04-03,4.32
2014-04-04,4.28
2014-04-07,4.25
2014-04-08,4.25
2014-04-09,4.26
2014-04-10,4.24
2014-04-11,4.21
2014-04-14,4.22
2014-04-15,4.20
2014-04-16,4.19
2014-04-17,4.25
2014-04-18,.
2014-04-21,4.26
2014-04-22,4.24
2014-04-23,4.21
2014-04-24,4.20
2014-04-25,4.18
2014-04-28,4.20
2014-04-29,4.24
2014-04-30,4.21
2014-05-01,4.16
2014-05-02,4.12
2014-05-05,4.16
2014-05-06,4.13
2014-05-07,4.16
2014-05-08,4.17
2014-05-09,4.21
2014-05-12,4.24
2014-05-13,4.20
2014-05-14,4.12
2014-05-15,4.08
2014-05-16,4.09
2014-05-19,4.15
2014-05-20,4.15
2014-05-21,4.19
2014-05-22,4.23
2014-05-23,4.19
2014-05-26,.
2014-05-27,4.21
2014-05-28,4.13
2014-05-29,4.15
2014-05-30,4.16
2014-06-02,4.22
2014-06-03,4.28
2014-06-04,4.28
2014-06-05,4.27
2014-06-06,4.28
2014-06-09,4.29
2014-06-10,4.31
2014-06-11,4.31
2014-06-12,4.25
2014-06-13,4.26
2014-06-16,4.24
2014-06-17,4.29
2014-06-18,4.26
2014-06-19,4.30
2014-06-20,4.26
2014-06-23,4.25
2014-06-24,4.22
2014-06-25,4.20
2014-06-26,4.15
2014-06-27,4.17
2014-06-30,4.15
2014-07-01,4.22
2014-07-02,4.27
2014-07-03,4.28
2014-07-04,.
2014-07-07,4.24
2014-07-08,4.18
2014-07-09,4.16
2014-07-10,4.19
2014-07-11,4.17
2014-07-14,4.19
2014-07-15,4.19
2014-07-16,4.17
2014-07-17,4.11
2014-07-18,4.13
2014-07-21,4.10
2014-07-22,4.09
2014-07-23,4.12
2014-07-24,4.17
2014-07-25,4.12
2014-07-28,4.10
2014-07-29,4.06
2014-07-30,4.15
2014-07-31,4.15
2014-08-01,4.18
2014-08-04,4.18
2014-08-05,4.15
2014-08-06,4.16
2014-08-07,4.11
2014-08-08,4.09
2014-08-11,4.10
2014-08-12,4.14
2014-08-13,4.11
2014-08-14,4.06
2014-08-15,4.00
2014-08-18,4.06
2014-08-19,4.11
2014-08-20,4.11
2014-08-21,4.08
2014-08-22,4.03
2014-08-25,4.01
2014-08-26,4.03
2014-08-27,3.99
2014-08-28,3.94
2014-08-29,3.95
2014-09-01,.
2014-09-02,4.00
2014-09-03,3.98
2014-09-04,4.03
2014-09-05,4.10
2014-09-08,4.08
2014-09-09,4.09
2014-09-10,4.13
2014-09-11,4.12
2014-09-12,4.22
2014-09-15,4.21
2014-09-16,4.22
2014-09-17,4.22
2014-09-18,4.22
2014-09-19,4.16
2014-09-22,4.15
2014-09-23,4.10
2014-09-24,4.13
2014-09-25,4.06
2014-09-26,4.06
2014-09-29,4.02
2014-09-30,4.05
2014-10-01,3.95
2014-10-02,3.99
2014-10-03,3.98
2014-10-06,3.98
2014-10-07,3.91
2014-10-08,3.92
2014-10-09,3.92
2014-10-10,3.89
2014-10-13,.
2014-10-14,3.81
2014-10-15,3.78
2014-10-16,3.84
2014-10-17,3.87
2014-10-20,3.89
2014-10-21,3.92
2014-10-22,3.93
2014-10-23,3.96
2014-10-24,3.97
2014-10-27,3.95
2014-10-28,3.96
2014-10-29,3.93
2014-10-30,3.88
2014-10-31,3.90
2014-11-03,3.90
2014-11-04,3.89
2014-11-05,3.90
2014-11-06,3.93
2014-11-07,3.88
2014-11-10,3.92
2014-11-11,.
2014-11-12,3.95
2014-11-13,3.97
2014-11-14,3.94
2014-11-17,3.95
2014-11-18,3.96
2014-11-19,3.98
2014-11-20,3.97
2014-11-21,3.94
2014-11-24,3.94
2014-11-25,3.88
2014-11-26,3.86
2014-11-27,.
2014-11-28,3.83
2014-12-01,3.86
2014-12-02,3.93
2014-12-03,3.92
2014-12-04,3.89
2014-12-05,3.90
2014-12-08,3.82
2014-12-09,3.79
2014-12-10,3.75
2014-12-11,3.74
2014-12-12,3.67
2014-12-15,3.70
2014-12-16,3.70
2014-12-17,3.75
2014-12-18,3.80
2014-12-19,3.77
2014-12-22,3.73
2014-12-23,3.83
2014-12-24,3.81
2014-12-25,.
2014-12-26,3.79
2014-12-29,3.75
2014-12-30,3.73
2014-12-31,3.72
2015-01-01,.
2015-01-02,3.67
2015-01-05,3.59
2015-01-06,3.50
2015-01-07,3.51
2015-01-08,3.57
2015-01-09,3.53
2015-01-12,3.47
2015-01-13,3.49
2015-01-14,3.46
2015-01-15,3.44
2015-01-16,3.46
2015-01-19,.
2015-01-20,3.42
2015-01-21,3.46
2015-01-22,3.51
2015-01-23,3.39
2015-01-26,3.41
2015-01-27,3.42
2015-01-28,3.33
2015-01-29,3.35
2015-01-30,3.29
2015-02-02,3.29
2015-02-03,3.42
2015-02-04,3.43
2015-02-05,3.46
2015-02-06,3.52
2015-02-09,3.52
2015-02-10,3.64
2015-02-11,3.63
2015-02-12,3.64
2015-02-13,3.67
2015-02-16,.
2015-02-17,3.78
2015-02-18,3.73
2015-02-19,3.77
2015-02-20,3.78
2015-02-23,3.70
2015-02-24,3.65
2015-02-25,3.61
2015-02-26,3.64
2015-02-27,3.64
2015-03-02,3.70
2015-03-03,3.73
2015-03-04,3.73
2015-03-05,3.71
2015-03-06,3.81
2015-03-09,3.78
2015-03-10,3.70
2015-03-11,3.67
2015-03-12,3.67
2015-03-13,3.70
2015-03-16,3.70
2015-03-17,3.67
2015-03-18,3.60
2015-03-19,3.58
2015-03-20,3.55
2015-03-23,3.54
2015-03-24,3.50
2015-03-25,3.52
2015-03-26,3.61
2015-03-27,3.53
2015-03-30,3.55
2015-03-31,3.52
2015-04-01,3.45
2015-04-02,3.49
2015-04-03,3.43
2015-04-06,3.51
2015-04-07,3.47
2015-04-08,3.45
2015-04-09,3.53
2015-04-10,3.53
2015-04-13,3.52
2015-04-14,3.47
2015-04-15,3.48
2015-04-16,3.47
2015-04-17,3.43
2015-04-20,3.50
2015-04-21,3.51
2015-04-22,3.58
2015-04-23,3.56
2015-04-24,3.55
2015-04-27,3.54
2015-04-28,3.60
2015-04-29,3.69
2015-04-30,3.74
2015-05-01,3.82
2015-05-04,3.86
2015-05-05,3.90
2015-05-06,3.98
2015-05-07,3.92
2015-05-08,3.91
2015-05-11,4.03
2015-05-12,4.01
2015-05-13,4.05
2015-05-14,4.04
2015-05-15,3.95
2015-05-18,4.05
2015-05-19,4.07
2015-05-20,4.09
2015-05-21,4.06
2015-05-22,4.07
2015-05-25,.
2015-05-26,3.98
2015-05-27,3.94
2015-05-28,3.95
2015-05-29,3.94
2015-06-01,4.05
2015-06-02,4.11
2015-06-03,4.19
2015-06-04,4.12
2015-06-05,4.19
2015-06-08,4.19
2015-06-09,4.23
2015-06-10,4.26
2015-06-11,4.17
2015-06-12,4.16
2015-06-15,4.19
2015-06-16,4.15
2015-06-17,4.15
2015-06-18,4.22
2015-06-19,4.14
2015-06-22,4.24
2015-06-23,4.28
2015-06-24,4.22
2015-06-25,4.23
2015-06-26,4.33
2015-06-29,4.19
2015-06-30,4.19
2015-07-01,4.26
2015-07-02,4.26
2015-07-03,.
2015-07-06,4.14
2015-07-07,4.09
2015-07-08,4.07
2015-07-09,4.18
2015-07-10,4.29
2015-07-13,4.27
2015-07-14,4.26
2015-07-15,4.20
2015-07-16,4.19
2015-07-17,4.16
2015-07-20,4.18
2015-07-21,4.18
2015-07-22,4.13
2015-07-23,4.08
2015-07-24,4.07
2015-07-27,4.04
2015-07-28,4.06
2015-07-29,4.09
2015-07-30,4.05
2015-07-31,4.07
2015-08-03,3.99
2015-08-04,4.02
2015-08-05,4.08
2015-08-06,4.06
2015-08-07,3.96
2015-08-10,4.06
2015-08-11,3.96
2015-08-12,4.00
2015-08-13,4.04
2015-08-14,4.03
2015-08-17,3.99
2015-08-18,4.04
2015-08-19,4.00
2015-08-20,3.97
2015-08-21,3.95
2015-08-24,3.94
2015-08-25,4.08
2015-08-26,4.17
2015-08-27,4.14
2015-08-28,4.12
2015-08-31,4.15
2015-09-01,4.15
2015-09-02,4.16
2015-09-03,4.13
2015-09-04,4.03
2015-09-07,.
2015-09-08,4.11
2015-09-09,4.09
2015-09-10,4.13
2015-09-11,4.04
2015-09-14,4.04
2015-09-15,4.18
2015-09-16,4.18
2015-09-17,4.09
2015-09-18,3.99
2015-09-21,4.11
2015-09-22,4.01
2015-09-23,4.00
2015-09-24,3.99
2015-09-25,4.05
2015-09-28,3.99
2015-09-29,3.97
2015-09-30,4.00
2015-10-01,3.98
2015-10-02,3.95
2015-10-05,4.04
2015-10-06,4.00
2015-10-07,3.98
2015-10-08,4.04
2015-10-09,3.99
2015-10-12,.
2015-10-13,3.93
2015-10-14,3.90
2015-10-15,3.93
2015-10-16,3.92
2015-10-19,3.94
2015-10-20,3.95
2015-10-21,3.90
2015-10-22,3.89
2015-10-23,3.93
2015-10-26,3.90
2015-10-27,3.89
2015-10-28,3.91
2015-10-29,4.04
2015-10-30,3.98
2015-11-02,4.01
2015-11-03,4.06
2015-11-04,4.05
2015-11-05,4.05
2015-11-06,4.10
2015-11-09,4.12
2015-11-10,4.11
2015-11-11,.
2015-11-12,4.11
2015-11-13,4.09
2015-11-16,4.11
2015-11-17,4.08
2015-11-18,4.08
2015-11-19,4.04
2015-11-20,4.04
2015-11-23,4.01
2015-11-24,4.01
2015-11-25,4.00
2015-11-26,.
2015-11-27,4.00
2015-11-30,3.99
2015-12-01,3.92
2015-12-02,3.89
2015-12-03,4.06
2015-12-04,3.99
2015-12-07,3.95
2015-12-08,3.95
2015-12-09,3.96
2015-12-10,3.96
2015-12-11,3.91
2015-12-14,4.01
2015-12-15,4.00
2015-12-16,4.01
2015-12-17,3.94
2015-12-18,3.91
2015-12-21,3.93
2015-12-22,3.97
2015-12-23,3.99
2015-12-24,3.96
2015-12-25,.
2015-12-28,3.93
2015-12-29,4.04
2015-12-30,4.03
2015-12-31,4.04
2016-01-01,.
2016-01-04,4.03
2016-01-05,4.02
2016-01-06,3.94
2016-01-07,3.95
2016-01-08,3.95
2016-01-11,3.99
2016-01-12,3.92
2016-01-13,3.89
2016-01-14,3.96
2016-01-15,3.99
2016-01-18,.
2016-01-19,4.00
2016-01-20,4.05
2016-01-21,4.06
2016-01-22,4.02
2016-01-25,4.04
2016-01-26,4.03
2016-01-27,4.07
2016-01-28,4.07
2016-01-29,4.05
2016-02-01,4.08
2016-02-02,4.01
2016-02-03,4.06
2016-02-04,4.00
2016-02-05,3.98
2016-02-08,3.87
2016-02-09,3.92
2016-02-10,3.92
2016-02-11,3.89
2016-02-12,3.98
2016-02-15,.
2016-02-16,4.01
2016-02-17,4.05
2016-02-18,4.01
2016-02-19,3.96
2016-02-22,3.97
2016-02-23,3.93
2016-02-24,3.91
2016-02-25,3.85
2016-02-26,3.88
2016-02-29,3.84
2016-03-01,3.91
2016-03-02,3.90
2016-03-03,3.89
2016-03-04,3.92
2016-03-07,3.91
2016-03-08,3.85
2016-03-09,3.89
2016-03-10,3.88
2016-03-11,3.86
2016-03-14,3.82
2016-03-15,3.79
2016-03-16,3.81
2016-03-17,3.79
2016-03-18,3.77
2016-03-21,3.83
2016-03-22,3.79
2016-03-23,3.74
2016-03-24,3.77
2016-03-25,.
2016-03-28,3.74
2016-03-29,3.71
2016-03-30,3.76
2016-03-31,3.72
2016-04-01,3.72
2016-04-04,3.71
2016-04-05,3.63
2016-04-06,3.64
2016-04-07,3.58
2016-04-08,3.61
2016-04-11,3.61
2016-04-12,3.65
2016-04-13,3.60
2016-04-14,3.62
2016-04-15,3.59
2016-04-18,3.61
2016-04-19,3.52
2016-04-20,3.57
2016-04-21,3.57
2016-04-22,3.59
2016-04-25,3.62
2016-04-26,3.65
2016-04-27,3.59
2016-04-28,3.63
2016-04-29,3.63
2016-05-02,3.68
2016-05-03,3.65
2016-05-04,3.66
2016-05-05,3.63
2016-05-06,3.67
2016-05-09,3.66
2016-05-10,3.65
2016-05-11,3.61
2016-05-12,3.64
2016-05-13,3.57
2016-05-16,3.62
2016-05-17,3.61
2016-05-18,3.71
2016-05-19,3.66
2016-05-20,3.67
2016-05-23,3.68
2016-05-24,3.68
2016-05-25,3.69
2016-05-26,3.63
2016-05-27,3.65
2016-05-30,.
2016-05-31,3.63
2016-06-01,3.63
2016-06-02,3.59
2016-06-03,3.51
2016-06-06,3.54
2016-06-07,3.53
2016-06-08,3.52
2016-06-09,3.49
2016-06-10,3.48
2016-06-13,3.47
2016-06-14,3.45
2016-06-15,3.43
2016-06-16,3.43
2016-06-17,3.47
2016-06-20,3.50
2016-06-21,3.57
2016-06-22,3.56
2016-06-23,3.62
2016-06-24,3.55
2016-06-27,3.42
2016-06-28,3.42
2016-06-29,3.37
2016-06-30,3.39
2016-07-01,3.34
2016-07-04,.
2016-07-05,3.22
2016-07-06,3.23
2016-07-07,3.22
2016-07-08,3.18
2016-07-11,3.22
2016-07-12,3.30
2016-07-13,3.24
2016-07-14,3.28
2016-07-15,3.33
2016-07-18,3.34
2016-07-19,3.31
2016-07-20,3.34
2016-07-21,3.35
2016-07-22,3.34
2016-07-25,3.30
2016-07-26,3.31
2016-07-27,3.29
2016-07-28,3.30
2016-07-29,3.25
2016-08-01,3.32
2016-08-02,3.37
2016-08-03,3.46
2016-08-04,3.42
2016-08-05,3.42
2016-08-08,3.41
2016-08-09,3.37
2016-08-10,3.30
2016-08-11,3.33
2016-08-12,3.28
2016-08-15,3.33
2016-08-16,3.34
2016-08-17,3.31
2016-08-18,3.28
2016-08-19,3.30
2016-08-22,3.25
2016-08-23,3.25
2016-08-24,3.25
2016-08-25,3.27
2016-08-26,3.30
2016-08-29,3.22
2016-08-30,3.24
2016-08-31,3.24
2016-09-01,3.24
2016-09-02,3.28
2016-09-05,.
2016-09-06,3.25
2016-09-07,3.28
2016-09-08,3.36
2016-09-09,3.43
2016-09-12,3.43
2016-09-13,3.51
2016-09-14,3.50
2016-09-15,3.52
2016-09-16,3.51
2016-09-19,3.50
2016-09-20,3.50
2016-09-21,3.47
2016-09-22,3.44
2016-09-23,3.44
2016-09-26,3.43
2016-09-27,3.39
2016-09-28,3.39
2016-09-29,3.37
2016-09-30,3.44
2016-10-03,3.43
2016-10-04,3.49
2016-10-05,3.51
2016-10-06,3.53
2016-10-07,3.5
2016-10-10,.
2016-10-11,3.52
2016-10-12,3.51
2016-10-13,3.48
2016-10-14,3.56
2016-10-17,3.52
2016-10-18,3.48
2016-10-19,3.47
2016-10-20,3.46
2016-10-21,3.45
2016-10-24,3.48
2016-10-25,3.47
2016-10-26,3.52
2016-10-27,3.59
2016-10-28,3.64
2016-10-31,3.61
2016-11-01,3.6
2016-11-02,3.61
2016-11-03,3.65
2016-11-04,3.62
2016-11-07,3.67
2016-11-08,3.7
2016-11-09,3.85
2016-11-10,3.87
2016-11-11,.
2016-11-14,3.97
2016-11-15,3.91
2016-11-16,3.86
2016-11-17,3.96
2016-11-18,3.99
2016-11-21,4
2016-11-22,4.01
2016-11-23,4.02
2016-11-24,.
2016-11-25,4.02
2016-11-28,3.98
2016-11-29,3.95
2016-11-30,4.01
2016-12-01,4.08
2016-12-02,4.03
2016-12-05,4.02
2016-12-06,4.04
2016-12-07,4
2016-12-08,4.05
2016-12-09,4.12
2016-12-12,4.11
2016-12-13,4.09
2016-12-14,4.08
2016-12-15,4.07
2016-12-16,4.11
2016-12-19,4.05
2016-12-20,4.09
2016-12-21,4.05
2016-12-22,4.06
2016-12-23,4.04
2016-12-26,.
2016-12-27,4.07
2016-12-28,4.01
2016-12-29,4.01
2016-12-30,3.98
2017-01-02,.
2017-01-03,3.94
2017-01-04,3.93
2017-01-05,3.85
2017-01-06,3.91
2017-01-09,3.88
2017-01-10,3.87
2017-01-11,3.84
2017-01-12,3.86
2017-01-13,3.9
2017-01-16,.
2017-01-17,3.84
2017-01-18,3.91
2017-01-19,3.95
2017-01-20,3.97
2017-01-23,3.91
2017-01-24,3.96
2017-01-25,4.02
2017-01-26,4
2017-01-27,3.95
2017-01-30,3.95
2017-01-31,3.99
2017-02-01,4.01
2017-02-02,4
2017-02-03,4.04
2017-02-06,3.97
2017-02-07,3.96
2017-02-08,3.91
2017-02-09,3.94
2017-02-10,3.97
2017-02-13,3.98
2017-02-14,4
2017-02-15,4.01
2017-02-16,3.98
2017-02-17,3.95
2017-02-20,.
2017-02-21,3.95
2017-02-22,3.94
2017-02-23,3.91
2017-02-24,3.85
2017-02-27,3.87
2017-02-28,3.84
2017-03-01,3.95
2017-03-02,3.95
2017-03-03,3.95
2017-03-06,3.98
2017-03-07,4
2017-03-08,4.07
2017-03-09,4.11
2017-03-10,4.11
2017-03-13,4.13
2017-03-14,4.13
2017-03-15,4.07
2017-03-16,4.08
2017-03-17,4.06
2017-03-20,4.03
2017-03-21,3.99
2017-03-22,3.96
2017-03-23,3.97
2017-03-24,3.94
2017-03-27,3.92
2017-03-28,3.95
2017-03-29,3.92
2017-03-30,3.94
2017-03-31,3.94
2017-04-03,3.91
2017-04-04,3.93
2017-04-05,3.94
2017-04-06,3.92
2017-04-07,3.93
2017-04-10,3.91
2017-04-11,3.85
2017-04-12,3.85
2017-04-13,3.83
2017-04-14,.
2017-04-17,3.86
2017-04-18,3.77
2017-04-19,3.8
2017-04-20,3.82
2017-04-21,3.83
2017-04-24,3.85
2017-04-25,3.89
2017-04-26,3.88
2017-04-27,3.87
2017-04-28,3.85
2017-05-01,3.92
2017-05-02,3.88
2017-05-03,3.85
2017-05-04,3.89
2017-05-05,3.9
2017-05-08,3.92
2017-05-09,3.94
2017-05-10,3.94
2017-05-11,3.92
2017-05-12,3.86
2017-05-15,3.87
2017-05-16,3.85
2017-05-17,3.77
2017-05-18,3.78
2017-05-19,3.8
2017-05-22,3.81
2017-05-23,3.84
2017-05-24,3.83
2017-05-25,3.82
2017-05-26,3.81
2017-05-29,.
2017-05-30,3.78
2017-05-31,3.75
2017-06-01,3.76
2017-06-02,3.7
2017-06-05,3.72
2017-06-06,3.69
2017-06-07,3.73
2017-06-08,3.74
2017-06-09,3.74
2017-06-12,3.76
2017-06-13,3.76
2017-06-14,3.66
2017-06-15,3.67
2017-06-16,3.67
2017-06-19,3.67
2017-06-20,3.61
2017-06-21,3.6
2017-06-22,3.6
2017-06-23,3.6
2017-06-26,3.58
2017-06-27,3.62
2017-06-28,3.66
2017-06-29,3.68
2017-06-30,3.71
2017-07-03,3.72
2017-07-04,.
2017-07-05,3.72
2017-07-06,3.75
2017-07-07,3.79
2017-07-10,3.78
2017-07-11,3.74
2017-07-12,3.72
2017-07-13,3.75
2017-07-14,3.71
2017-07-17,3.69
2017-07-18,3.65
2017-07-19,3.65
2017-07-20,3.63
2017-07-21,3.61
2017-07-24,3.61
2017-07-25,3.69
2017-07-26,3.68
2017-07-27,3.71
2017-07-28,3.68
2017-07-31,3.68
2017-08-01,3.64
2017-08-02,3.63
2017-08-03,3.6
2017-08-04,3.65
2017-08-07,3.65
2017-08-08,3.68
2017-08-09,3.63
2017-08-10,3.62
2017-08-11,3.63
2017-08-14,3.65
2017-08-15,3.68
2017-08-16,3.64
2017-08-17,3.64
2017-08-18,3.64
2017-08-21,3.62
2017-08-22,3.66
2017-08-23,3.62
2017-08-24,3.64
2017-08-25,3.62
2017-08-28,3.62
2017-08-29,3.62
2017-08-30,3.62
2017-08-31,3.59
2017-09-01,3.64
2017-09-04,.
2017-09-05,3.57
2017-09-06,3.61
2017-09-07,3.6
2017-09-08,3.6
2017-09-11,3.65
2017-09-12,3.66
2017-09-13,3.67
2017-09-14,3.65
2017-09-15,3.63
2017-09-18,3.67
2017-09-19,3.67
2017-09-20,3.67
2017-09-21,3.62
2017-09-22,3.62
2017-09-25,3.58
2017-09-26,3.58
2017-09-27,3.64
2017-09-28,3.64
2017-09-29,3.62
2017-10-02,3.61
2017-10-03,3.61
2017-10-04,3.59
2017-10-05,3.61
2017-10-06,3.63
2017-10-09,3.63
2017-10-10,3.61
2017-10-11,3.6
2017-10-12,3.58
2017-10-13,3.54
2017-10-16,3.56
2017-10-17,3.54
2017-10-18,3.58
2017-10-19,3.55
2017-10-20,3.6
2017-10-23,3.6
2017-10-24,3.63
2017-10-25,3.64
2017-10-26,3.65
2017-10-27,3.63
2017-10-30,3.58
2017-10-31,3.58
2017-11-01,3.56
2017-11-02,3.53
2017-11-03,3.53
2017-11-06,3.51
2017-11-07,3.5
2017-11-08,3.57
2017-11-09,3.6
2017-11-10,.
2017-11-13,3.69
2017-11-14,3.66
2017-11-15,3.6
2017-11-16,3.62
2017-11-17,3.61
2017-11-20,3.6
2017-11-21,3.56
2017-11-22,3.52
2017-11-23,.
2017-11-24,3.53
2017-11-27,3.53
2017-11-28,3.55
2017-11-29,3.6
2017-11-30,3.61
2017-12-01,3.52
2017-12-04,3.52
2017-12-05,3.48
2017-12-06,3.48
2017-12-07,3.53
2017-12-08,3.54
2017-12-11,3.52
2017-12-12,3.52
2017-12-13,3.48
2017-12-14,3.46
2017-12-15,3.43
2017-12-18,3.48
2017-12-19,3.56
2017-12-20,3.6
2017-12-21,3.55
2017-12-22,3.55
2017-12-25,.
2017-12-26,3.53
2017-12-27,3.47
2017-12-28,3.48
2017-12-29,3.45
2018-01-01,.
2018-01-02,3.52
2018-01-03,3.5
2018-01-04,3.47
2018-01-05,3.5
2018-01-08,3.5
2018-01-09,3.57
2018-01-10,3.58
2018-01-11,3.53
2018-01-12,3.5
2018-01-15,.
2018-01-16,3.49
2018-01-17,3.5
2018-01-18,3.54
2018-01-19,3.58
2018-01-22,3.6
2018-01-23,3.57
2018-01-24,3.61
2018-01-25,3.55
2018-01-26,3.58
2018-01-29,3.59
2018-01-30,3.63
2018-01-31,3.59
2018-02-01,3.62
2018-02-02,3.73
2018-02-05,3.7
2018-02-06,3.7
2018-02-07,3.76
2018-02-08,3.79
2018-02-09,3.82
2018-02-12,3.83
2018-02-13,3.84
2018-02-14,3.88
2018-02-15,3.87
2018-02-16,3.87
2018-02-19,.
2018-02-20,3.89
2018-02-21,3.95
2018-02-22,3.9
2018-02-23,3.89
2018-02-26,3.88
2018-02-27,3.9
2018-02-28,3.84
2018-03-01,3.82
2018-03-02,3.9
2018-03-05,3.91
2018-03-06,3.88
2018-03-07,3.9
2018-03-08,3.88
2018-03-09,3.9
2018-03-12,3.87
2018-03-13,3.86
2018-03-14,3.85
2018-03-15,3.86
2018-03-16,3.87
2018-03-19,3.85
2018-03-20,3.87
2018-03-21,3.91
2018-03-22,3.86
2018-03-23,3.88
2018-03-26,3.89
2018-03-27,3.83
2018-03-28,3.82
2018-03-29,3.77
2018-03-30,.
2018-04-02,3.78
2018-04-03,3.81
2018-04-04,3.81
2018-04-05,3.83
2018-04-06,3.78
2018-04-09,3.76
2018-04-10,3.77
2018-04-11,3.75
2018-04-12,3.79
2018-04-13,3.79
2018-04-16,3.79
2018-04-17,3.76
2018-04-18,3.81
2018-04-19,3.89
2018-04-20,3.9
2018-04-23,3.94
2018-04-24,3.94
2018-04-25,3.99
2018-04-26,3.99
2018-04-27,3.94
2018-04-30,3.95
2018-05-01,3.99
2018-05-02,3.99
2018-05-03,4
2018-05-04,4.01
2018-05-07,4.01
2018-05-08,4.02
2018-05-09,4.04
2018-05-10,3.99
2018-05-11,3.98
2018-05-14,3.99
2018-05-15,4.07
2018-05-16,4.06
2018-05-17,4.08
2018-05-18,4.04
2018-05-21,4.05
2018-05-22,4.05
2018-05-23,4.02
2018-05-24,3.98
2018-05-25,3.93
2018-05-28,.
2018-05-29,3.85
2018-05-30,3.89
2018-05-31,3.85
2018-06-01,3.92
2018-06-04,3.96
2018-06-05,3.95
2018-06-06,4
2018-06-07,3.95
2018-06-08,3.96
2018-06-11,3.96
2018-06-12,3.97
2018-06-13,3.98
2018-06-14,3.92
2018-06-15,3.91
2018-06-18,3.94
2018-06-19,3.93
2018-06-20,3.99
2018-06-21,3.98
2018-06-22,3.99
2018-06-25,3.98
2018-06-26,3.98
2018-06-27,3.93
2018-06-28,3.93
2018-06-29,3.93
2018-07-02,3.93
2018-07-03,3.9
2018-07-04,.
2018-07-05,3.89
2018-07-06,3.88
2018-07-09,3.85
2018-07-10,3.85
2018-07-11,3.82
2018-07-12,3.81
2018-07-13,3.8
2018-07-16,3.82
2018-07-17,3.84
2018-07-18,3.85
2018-07-19,3.83
2018-07-20,3.9
2018-07-23,3.96
2018-07-24,3.91
2018-07-25,3.9
2018-07-26,3.92
2018-07-27,3.9
2018-07-30,3.91
2018-07-31,3.89
2018-08-01,3.94
2018-08-02,3.91
2018-08-03,3.89
2018-08-06,3.87
2018-08-07,3.9
2018-08-08,3.94
2018-08-09,3.92
2018-08-10,3.86
2018-08-13,3.92
2018-08-14,3.92
2018-08-15,3.88
2018-08-16,3.89
2018-08-17,3.87
2018-08-20,3.83
2018-08-21,3.85
2018-08-22,3.84
2018-08-23,3.84
2018-08-24,3.83
2018-08-27,3.86
2018-08-28,3.9
2018-08-29,3.88
2018-08-30,3.9
2018-08-31,3.91
2018-09-03,.
2018-09-04,3.98
2018-09-05,3.97
2018-09-06,3.94
2018-09-07,3.99
2018-09-10,3.95
2018-09-11,3.97
2018-09-12,3.94
2018-09-13,3.92
2018-09-14,3.94
2018-09-17,3.94
2018-09-18,4.02
2018-09-19,4.04
2018-09-20,3.99
2018-09-21,3.99
2018-09-24,4.0
2018-09-25,4.02
2018-09-26,3.99
2018-09-27,3.98
2018-09-28,3.99
2018-10-01,4.02
2018-10-02,3.98
2018-10-03,4.06
2018-10-04,4.11
2018-10-05,4.17
2018-10-08,4.17
2018-10-09,4.14
2018-10-10,4.16
2018-10-11,4.09
2018-10-12,4.12
2018-10-15,4.14
2018-10-16,4.09
2018-10-17,4.13
2018-10-18,4.16
2018-10-19,4.18
2018-10-22,4.19
2018-10-23,4.19
2018-10-24,4.16
2018-10-25,4.2
2018-10-26,4.18
2018-10-29,4.18
2018-10-30,4.23
2018-10-31,4.27
2018-11-01,4.28
2018-11-02,4.27
2018-11-05,4.25
2018-11-06,4.24
2018-11-07,4.23
2018-11-08,4.2
2018-11-09,4.16
2018-11-12,.
2018-11-13,4.21
2018-11-14,4.21
2018-11-15,4.25
2018-11-16,4.21
2018-11-19,4.21
2018-11-20,4.22
2018-11-21,4.19
2018-11-22,.
2018-11-23,4.18
2018-11-26,4.18
2018-11-27,4.18
2018-11-28,4.23
2018-11-29,4.21
2018-11-30,4.22
2018-12-03,4.17
2018-12-04,4.09
2018-12-05,.
2018-12-06,4.08
2018-12-07,4.06
2018-12-10,4.08
2018-12-11,4.03
2018-12-12,4.01
2018-12-13,4.01
2018-12-14,4.02
2018-12-17,3.99
2018-12-18,3.95
2018-12-19,3.89
2018-12-20,3.95
2018-12-21,3.97
2018-12-24,3.96
2018-12-25,.
2018-12-26,4.01
2018-12-27,4.01
2018-12-28,4.02
2018-12-31,3.99
2019-01-01,.
2019-01-02,3.95
2019-01-03,3.91
2019-01-04,3.98
2019-01-07,3.96
2019-01-08,3.97
2019-01-09,3.96
2019-01-10,3.98
2019-01-11,3.96
2019-01-14,4.0
2019-01-15,3.99
2019-01-16,4.0
2019-01-17,4.0
2019-01-18,3.96
2019-01-21,.
2019-01-22,3.92
2019-01-23,3.89
2019-01-24,3.86
2019-01-25,3.86
2019-01-28,3.87
2019-01-29,3.85
2019-01-30,3.85
2019-01-31,3.79
2019-02-01,3.81
2019-02-04,3.83
2019-02-05,3.79
2019-02-06,3.78
2019-02-07,3.75
2019-02-08,3.77
2019-02-11,3.76
2019-02-12,3.8
2019-02-13,3.78
2019-02-14,3.77
2019-02-15,3.76
2019-02-18,.
2019-02-19,3.74
2019-02-20,3.76
2019-02-21,3.81
2019-02-22,3.81
2019-02-25,3.8
2019-02-26,3.78
2019-02-27,3.85
2019-02-28,3.86
2019-03-01,3.9
2019-03-04,3.87
2019-03-05,3.87
2019-03-06,3.86
2019-03-07,3.82
2019-03-08,3.82
2019-03-11,3.85
2019-03-12,3.8
2019-03-13,3.8
2019-03-14,3.84
2019-03-15,3.82
2019-03-18,3.82
2019-03-19,3.82
2019-03-20,3.78
2019-03-21,3.75
2019-03-22,3.67
2019-03-25,3.67
2019-03-26,3.64
2019-03-27,3.62
2019-03-28,3.61
2019-03-29,3.62
2019-04-01,3.68
2019-04-02,3.66
2019-04-03,3.69
2019-04-04,3.7
2019-04-05,3.67
2019-04-08,3.69
2019-04-09,3.67
2019-04-10,3.65
2019-04-11,3.68
2019-04-12,3.71
2019-04-15,3.68
2019-04-16,3.73
2019-04-17,3.72
2019-04-18,3.69
2019-04-19,.
2019-04-22,3.75
2019-04-23,3.73
2019-04-24,3.69
2019-04-25,3.69
2019-04-26,3.69
2019-04-29,3.71
2019-04-30,3.71
2019-05-01,3.68
2019-05-02,3.76
2019-05-03,3.73
2019-05-06,3.72
2019-05-07,3.7
2019-05-08,3.7
2019-05-09,3.73
2019-05-10,3.72
2019-05-13,3.71
2019-05-14,3.71
2019-05-15,3.69
2019-05-16,3.68
2019-05-17,3.68
2019-05-20,3.7
2019-05-21,3.7
2019-05-22,3.68
2019-05-23,3.64
2019-05-24,3.64
2019-05-27,.
2019-05-28,3.61
2019-05-29,3.59
2019-05-30,3.55
2019-05-31,3.51
2019-06-03,3.5
2019-06-04,3.52
2019-06-05,3.54
2019-06-06,3.53
2019-06-07,3.48
2019-06-10,3.49
2019-06-11,3.49
2019-06-12,3.51
2019-06-13,3.48
2019-06-14,3.49
2019-06-17,3.45
2019-06-18,3.4
2019-06-19,3.39
2019-06-20,3.33
2019-06-21,3.36
2019-06-24,3.3
2019-06-25,3.32
2019-06-26,3.32
2019-06-27,3.27
2019-06-28,3.25
2019-07-01,3.27
2019-07-02,3.23
2019-07-03,3.18
2019-07-04,.
2019-07-05,3.26
2019-07-08,3.24
2019-07-09,3.26
2019-07-10,3.3
2019-07-11,3.37
2019-07-12,3.34
2019-07-15,3.35
2019-07-16,3.37
2019-07-17,3.3
2019-07-18,3.31
2019-07-19,3.31
2019-07-22,3.3
2019-07-23,3.31
2019-07-24,3.29
2019-07-25,3.31
2019-07-26,3.31
2019-07-29,3.29
2019-07-30,3.29
2019-07-31,3.26
2019-08-01,3.19
2019-08-02,3.17
2019-08-05,3.15
2019-08-06,3.15
2019-08-07,3.09
2019-08-08,3.09
2019-08-09,3.09
2019-08-12,3.01
2019-08-13,3.01
2019-08-14,2.95
2019-08-15,2.9
2019-08-16,2.91
2019-08-19,2.95
2019-08-20,2.89
2019-08-21,2.89
2019-08-22,2.93
2019-08-23,2.88
2019-08-26,2.9
2019-08-27,2.83
2019-08-28,2.81
2019-08-29,2.86
2019-08-30,2.85
2019-09-02,.
2019-09-03,2.86
2019-09-04,2.86
2019-09-05,2.94
2019-09-06,2.91
2019-09-09,2.99
2019-09-10,3.07
2019-09-11,3.09
2019-09-12,3.14
2019-09-13,3.25
2019-09-16,3.18
2019-09-17,3.14
2019-09-18,3.1
2019-09-19,3.07
2019-09-20,3.03
2019-09-23,3.02
2019-09-24,2.94
2019-09-25,3.05
2019-09-26,2.99
2019-09-27,3.0
2019-09-30,3.01
2019-10-01,2.97
2019-10-02,2.99
2019-10-03,2.94
2019-10-04,2.88
2019-10-07,2.92
2019-10-08,2.95
2019-10-09,2.95
2019-10-10,3.02
2019-10-11,3.06
2019-10-14,.
2019-10-15,3.06
2019-10-16,3.05
2019-10-17,3.04
2019-10-18,3.03
2019-10-21,3.04
2019-10-22,3.02
2019-10-23,3.01
2019-10-24,3.0
2019-10-25,3.04
2019-10-28,3.08
2019-10-29,3.07
2019-10-30,3.07
2019-10-31,2.99
2019-11-01,3.02
2019-11-04,3.07
2019-11-05,3.11
2019-11-06,3.06
2019-11-07,3.15
2019-11-08,3.17
2019-11-11,.
2019-11-12,3.14
2019-11-13,3.14
2019-11-14,3.08
2019-11-15,3.1
2019-11-18,3.08
2019-11-19,3.04
2019-11-20,3.03
2019-11-21,3.04
2019-11-22,3.03
2019-11-25,2.99
2019-11-26,2.95
2019-11-27,2.94
2019-11-28,.
2019-11-29,2.95
2019-12-02,3.03
2019-12-03,2.96
2019-12-04,3.02
2019-12-05,3.01
2019-12-06,3.03
2019-12-09,3.0
2019-12-10,3.0
2019-12-11,2.97
2019-12-12,3.05
2019-12-13,2.97
2019-12-16,3.02
2019-12-17,2.99
2019-12-18,3.03
2019-12-19,3.01
2019-12-20,3.01
2019-12-23,3.02
2019-12-24,2.99
2019-12-25,.
2019-12-26,3
2019-12-27,2.98
2019-12-30,3.02
2019-12-31,3.04
2020-01-01,.
2020-01-02,3
2020-01-03,2.94
2020-01-06,3.01
2020-01-07,3.02
2020-01-08,3.1
2020-01-09,3.04
2020-01-10,2.99
2020-01-13,3.0
2020-01-14,3.0
2020-01-15,2.97
2020-01-16,2.99
2020-01-17,3.01
2020-01-20,.
2020-01-21,2.95
2020-01-22,2.93
2020-01-23,2.88
2020-01-24,2.82
2020-01-27,2.79
2020-01-28,2.87
2020-01-29,2.81
2020-01-30,2.82
2020-01-31,2.82
2020-02-03,2.8
2020-02-04,2.86
2020-02-05,2.9
2020-02-06,2.86
2020-02-07,2.77
2020-02-10,2.77
2020-02-11,2.8
2020-02-12,2.84
2020-02-13,2.83
2020-02-14,2.79
2020-02-17,.
2020-02-18,2.76
2020-02-19,2.79
2020-02-20,2.77
2020-02-21,2.74
2020-02-24,2.72
2020-02-25,2.71
2020-02-26,2.69
2020-02-27,2.7
2020-02-28,2.7
2020-03-02,2.61
2020-03-03,2.6
2020-03-04,2.55
2020-03-05,2.52
2020-03-06,2.36
2020-03-09,2.46
2020-03-10,2.67
2020-03-11,2.67
2020-03-12,2.94
2020-03-13,3.03
2020-03-16,2.88
2020-03-17,3.4
2020-03-18,3.92
2020-03-19,3.86
2020-03-20,4.12
2020-03-23,3.57
2020-03-24,3.44
2020-03-25,3.34
2020-03-26,3.07
2020-03-27,2.95
2020-03-30,2.71
2020-03-31,2.73
2020-04-01,2.76
2020-04-02,2.64
2020-04-03,2.63
2020-04-06,2.63
2020-04-07,2.55
2020-04-08,2.56
2020-04-09,2.46
2020-04-10,.
2020-04-13,2.35
2020-04-14,2.23
2020-04-15,2.37
2020-04-16,2.31
2020-04-17,2.41
2020-04-20,2.36
2020-04-21,2.33
2020-04-22,2.36
2020-04-23,2.25
2020-04-24,2.3
2020-04-27,2.39
2020-04-28,2.35
2020-04-29,2.38
2020-04-30,2.38
2020-05-01,2.42
2020-05-04,2.39
2020-05-05,2.41
2020-05-06,2.61
2020-05-07,2.52
2020-05-08,2.54
2020-05-11,2.69
2020-05-12,2.66
2020-05-13,2.54
2020-05-14,2.51
2020-05-15,2.51
2020-05-18,2.56
2020-05-19,2.5
2020-05-20,2.48
2020-05-21,2.45
2020-05-22,2.41
2020-05-25,.
2020-05-26,2.49
2020-05-27,2.47
2020-05-28,2.46
2020-05-29,2.43
2020-06-01,2.45
2020-06-02,2.45
2020-06-03,2.53
2020-06-04,2.59
2020-06-05,2.54
2020-06-08,2.48
2020-06-09,2.47
2020-06-10,2.47
2020-06-11,2.4
2020-06-12,2.42
2020-06-15,2.51
2020-06-16,2.37
2020-06-17,2.43
2020-06-18,2.37
2020-06-19,2.43
2020-06-22,2.4
2020-06-23,2.43
2020-06-24,2.4
2020-06-25,2.4
2020-06-26,2.35
2020-06-29,2.38
2020-06-30,2.34
2020-07-01,2.4
2020-07-02,2.37
2020-07-03,.
2020-07-06,2.33
2020-07-07,2.27
2020-07-08,2.24
2020-07-09,2.16
2020-07-10,2.19
2020-07-13,2.18
2020-07-14,2.13
2020-07-15,2.15
2020-07-16,2.14
2020-07-17,2.13
2020-07-20,2.1
2020-07-21,2.08
2020-07-22,2.08
2020-07-23,2.05
2020-07-24,2.01
2020-07-27,2.03
2020-07-28,2.02
2020-07-29,2.06
2020-07-30,2.03
2020-07-31,2.03
2020-08-03,2.09
2020-08-04,2.08
2020-08-05,2.03
2020-08-06,2.04
2020-08-07,2.03
2020-08-10,2.06
2020-08-11,2.15
2020-08-12,2.17
2020-08-13,2.29
2020-08-14,2.3
2020-08-17,2.32
2020-08-18,2.3
2020-08-19,2.33
2020-08-20,2.33
2020-08-21,2.3
2020-08-24,2.31
2020-08-25,2.36
2020-08-26,2.4
2020-08-27,2.46
2020-08-28,2.4
2020-08-31,2.42
2020-09-01,2.34
2020-09-02,2.26
2020-09-03,2.22
2020-09-04,2.34
2020-09-07,.
2020-09-08,2.29
2020-09-09,2.39
2020-09-10,2.34
2020-09-11,2.32
2020-09-14,2.32
2020-09-15,2.33
2020-09-16,2.31
2020-09-17,2.3
2020-09-18,2.3
2020-09-21,2.28
2020-09-22,2.27
2020-09-23,2.31
2020-09-24,2.33
2020-09-25,2.31
2020-09-28,2.36
2020-09-29,2.34
2020-09-30,2.32
2020-10-01,2.33
2020-10-02,2.37
2020-10-05,2.45
2020-10-06,2.39
2020-10-07,2.38
2020-10-08,2.33
2020-10-09,2.34
2020-10-12,.
2020-10-13,2.29
2020-10-14,2.27
2020-10-15,2.28
2020-10-16,2.29
2020-10-19,2.29
2020-10-20,2.36
2020-10-21,2.4
2020-10-22,2.43
2020-10-23,2.41
2020-10-26,2.36
2020-10-27,2.35
2020-10-28,2.33
2020-10-29,2.4
2020-10-30,2.39
2020-11-02,2.37
2020-11-03,2.41
2020-11-04,2.29
2020-11-05,2.24
2020-11-06,2.31
2020-11-09,2.39
2020-11-10,2.42
2020-11-11,.
2020-11-12,2.36
2020-11-13,2.35
2020-11-16,2.35
2020-11-17,2.31
2020-11-18,2.26
2020-11-19,2.28
2020-11-20,2.24
2020-11-23,2.24
2020-11-24,2.26
2020-11-25,2.26
2020-11-26,.
2020-11-27,2.2
2020-11-30,2.2
2020-12-01,2.23
2020-12-02,2.25
2020-12-03,2.21
2020-12-04,2.26
2020-12-07,2.26
2020-12-08,2.25
2020-12-09,2.29
2020-12-10,2.29
2020-12-11,2.27
2020-12-14,2.25
2020-12-15,2.31
2020-12-16,2.27
2020-12-17,2.28
2020-12-18,2.32
2020-12-21,2.28
2020-12-22,2.23
2020-12-23,2.28
2020-12-24,2.26
2020-12-25,.
2020-12-28,2.25
2020-12-29,2.25
2020-12-30,2.22
2020-12-31,2.23
2021-01-01,.
2021-01-04,2.28
2021-01-05,2.28
2021-01-06,2.36
2021-01-07,2.46
2021-01-08,2.48
2021-01-11,2.48
2021-01-12,2.5
2021-01-13,2.43
2021-01-14,2.54
2021-01-15,2.46
2021-01-18,.
2021-01-19,2.44
2021-01-20,2.45
2021-01-21,2.53
2021-01-22,2.51
2021-01-25,2.49
2021-01-26,2.47
2021-01-27,2.42
2021-01-28,2.48
2021-01-29,2.51
2021-02-01,2.53
2021-02-02,2.58
2021-02-03,2.64
2021-02-04,2.61
2021-02-05,2.63
2021-02-08,2.61
2021-02-09,2.6
2021-02-10,2.58
2021-02-11,2.6
2021-02-12,2.65
2021-02-15,.
2021-02-16,2.72
2021-02-17,2.66
2021-02-18,2.7
2021-02-19,2.76
2021-02-22,2.81
2021-02-23,2.88
2021-02-24,2.92
2021-02-25,2.96
2021-02-26,2.86
2021-03-01,2.85
2021-03-02,2.88
2021-03-03,2.94
2021-03-04,3.0
2021-03-05,2.97
2021-03-08,3.0
2021-03-09,2.98
2021-03-10,2.99
2021-03-11,3.02
2021-03-12,3.13
2021-03-15,3.1
2021-03-16,3.12
2021-03-17,3.17
2021-03-18,3.19
2021-03-19,3.13
2021-03-22,3.07
2021-03-23,3.03
2021-03-24,3.0
2021-03-25,3.02
2021-03-26,3.06
2021-03-29,3.08
2021-03-30,3.04
2021-03-31,3.04
2021-04-01,2.91
2021-04-02,.
2021-04-05,2.94
2021-04-06,2.92
2021-04-07,2.96
2021-04-08,2.93
2021-04-09,2.92
2021-04-12,2.93
2021-04-13,2.89
2021-04-14,2.9
2021-04-15,2.78
2021-04-16,2.85
2021-04-19,2.9
2021-04-20,2.87
2021-04-21,2.87
2021-04-22,2.86
2021-04-23,2.88
2021-04-26,2.87
2021-04-27,2.91
2021-04-28,2.92
2021-04-29,2.92
2021-04-30,2.94
2021-05-03,2.92
2021-05-04,2.9
2021-05-05,2.89
2021-05-06,2.87
2021-05-07,2.91
2021-05-10,2.95
2021-05-11,3.01
2021-05-12,3.08
2021-05-13,3.05
2021-05-14,3.0
2021-05-17,3.0
2021-05-18,3.01
2021-05-19,3.04
2021-05-20,2.98
2021-05-21,2.97
2021-05-24,2.94
2021-05-25,2.89
2021-05-26,2.88
2021-05-27,2.93
2021-05-28,2.9
2021-05-31,.
2021-06-01,2.93
2021-06-02,2.94
2021-06-03,2.96
2021-06-04,2.88
2021-06-07,2.91
2021-06-08,2.86
2021-06-09,2.81
2021-06-10,2.81
2021-06-11,2.8
2021-06-14,2.83
2021-06-15,2.83
2021-06-16,2.8
2021-06-17,2.71
2021-06-18,2.64
2021-06-21,2.71
2021-06-22,2.72
2021-06-23,2.72
2021-06-24,2.71
2021-06-25,2.77
2021-06-28,2.67
2021-06-29,2.67
2021-06-30,2.63
2021-07-01,2.64
2021-07-02,2.62
2021-07-05,.
2021-07-06,2.6
2021-07-07,2.57
2021-07-08,2.54
2021-07-09,2.62
2021-07-12,2.64
2021-07-13,2.67
2021-07-14,2.62
2021-07-15,2.55
2021-07-16,2.56
2021-07-19,2.49
2021-07-20,2.52
2021-07-21,2.57
2021-07-22,2.54
2021-07-23,2.57
2021-07-26,2.56
2021-07-27,2.53
2021-07-28,2.52
2021-07-29,2.51
2021-07-30,2.51
2021-08-02,2.48
2021-08-03,2.49
2021-08-04,2.49
2021-08-05,2.5
2021-08-06,2.58
2021-08-09,2.6
2021-08-10,2.62
2021-08-11,2.66
2021-08-12,2.66
2021-08-13,2.58
2021-08-16,2.54
2021-08-17,2.54
2021-08-18,2.53
2021-08-19,2.52
2021-08-20,2.51
2021-08-23,2.49
2021-08-24,2.53
2021-08-25,2.58
2021-08-26,2.57
2021-08-27,2.54
2021-08-30,2.51
2021-08-31,2.54
2021-09-01,2.54
2021-09-02,2.51
2021-09-03,2.54
2021-09-06,.
2021-09-07,2.59
2021-09-08,2.55
2021-09-09,2.51
2021-09-10,2.51
2021-09-13,2.48
2021-09-14,2.42
2021-09-15,2.44
2021-09-16,2.45
2021-09-17,2.48
2021-09-20,2.42
2021-09-21,2.45
2021-09-22,2.45
2021-09-23,2.52
2021-09-24,2.59
2021-09-27,2.59
2021-09-28,2.68
2021-09-29,2.69
2021-09-30,2.7
2021-10-01,2.65
2021-10-04,2.65
2021-10-05,2.71
2021-10-06,2.69
2021-10-07,2.75
2021-10-08,2.77
2021-10-11,.
2021-10-12,2.75
2021-10-13,2.66
2021-10-14,2.62
2021-10-15,2.66
2021-10-18,2.63
2021-10-19,2.7
2021-10-20,2.73
2021-10-21,2.76
2021-10-22,2.72
2021-10-25,2.72
2021-10-26,2.7
2021-10-27,2.59
2021-10-28,2.61
2021-10-29,2.59
2021-11-01,2.61
2021-11-02,2.63
2021-11-03,2.64
2021-11-04,2.58
2021-11-05,2.5
2021-11-08,2.5
2021-11-09,2.46
2021-11-10,2.57
2021-11-11,2.57
2021-11-12,2.61
2021-11-15,2.66
2021-11-16,2.71
2021-11-17,2.66
2021-11-18,2.69
2021-11-19,2.63
2021-11-22,2.7
2021-11-23,2.76
2021-11-24,2.72
2021-11-25,.
2021-11-26,2.61
2021-11-29,2.67
2021-11-30,2.57
2021-12-01,2.59
2021-12-02,2.59
2021-12-03,2.49
2021-12-06,2.54
2021-12-07,2.56
2021-12-08,2.63
2021-12-09,2.65
2021-12-10,2.67
2021-12-13,2.6
2021-12-14,2.6
2021-12-15,2.67
2021-12-16,2.67
2021-12-17,2.63
2021-12-20,2.66
2021-12-21,2.7
2021-12-22,2.69
2021-12-23,2.74
2021-12-24,.
2021-12-27,2.73
2021-12-28,2.71
2021-12-29,2.7
2021-12-30,2.71
2021-12-31,.
2022-01-03,2.79
2022-01-04,2.82
2022-01-05,2.84
2022-01-06,2.81
2022-01-07,2.88
2022-01-10,2.92
2022-01-11,2.86
2022-01-12,2.86
2022-01-13,2.83
2022-01-14,2.92
2022-01-17,.
2022-01-18,3.0
2022-01-19,2.95
2022-01-20,3.0
2022-01-21,2.95
2022-01-24,3.02
2022-01-25,3.04
2022-01-26,3.07
2022-01-27,3.01
2022-01-28,3.05
2022-01-31,3.06
2022-02-01,3.08
2022-02-02,3.05
2022-02-03,3.12
2022-02-04,3.22
2022-02-07,3.2
2022-02-08,3.21
2022-02-09,3.17
2022-02-10,3.25
2022-02-11,3.22
2022-02-14,3.26
2022-02-15,3.31
2022-02-16,3.35
2022-02-17,3.34
2022-02-18,3.29
2022-02-21,.
2022-02-22,3.34
2022-02-23,3.36
2022-02-24,3.36
2022-02-25,3.37
2022-02-28,3.26
2022-03-01,3.2
2022-03-02,3.32
2022-03-03,3.31
2022-03-04,3.24
2022-03-07,3.31
2022-03-08,3.41
2022-03-09,3.41
2022-03-10,3.5
2022-03-11,3.47
2022-03-14,3.57
2022-03-15,3.63
2022-03-16,3.56
2022-03-17,3.47
2022-03-18,3.28
2022-03-21,3.46
2022-03-22,3.51
2022-03-23,3.51
2022-03-24,3.49
2022-03-25,3.54
2022-03-28,3.51
2022-03-29,3.47
2022-03-30,3.4
2022-03-31,3.38
2022-04-01,3.32
2022-04-04,3.33
2022-04-05,3.44
2022-04-06,3.51
2022-04-07,3.55
2022-04-08,3.6
2022-04-11,3.73
2022-04-12,3.75
2022-04-13,3.77
2022-04-14,3.88
2022-04-15,.
2022-04-18,3.89
2022-04-19,3.95
2022-04-20,3.87
2022-04-21,3.92
2022-04-22,3.96
2022-04-25,3.92
2022-04-26,3.92
2022-04-27,3.97
2022-04-28,3.99
2022-04-29,4.01
2022-05-02,4.18
2022-05-03,4.11
2022-05-04,4.08
2022-05-05,4.28
2022-05-06,4.28
2022-05-09,4.28
2022-05-10,4.2
2022-05-11,4.12
2022-05-12,4.05
2022-05-13,4.19
2022-05-16,4.18
2022-05-17,4.26
2022-05-18,4.18
2022-05-19,4.18
2022-05-20,4.11
2022-05-23,4.15
2022-05-24,4.06
2022-05-25,4.01
2022-05-26,3.98
2022-05-27,3.95
2022-05-30,.
2022-05-31,4.0
2022-06-01,4.02
2022-06-02,4.02
2022-06-03,4.06
2022-06-06,4.14
2022-06-07,4.06
2022-06-08,4.13
2022-06-09,4.14
2022-06-10,4.2
2022-06-13,4.44
2022-06-14,4.5
2022-06-15,4.39
2022-06-16,4.41
2022-06-17,4.32
2022-06-20,.
2022-06-21,4.4
2022-06-22,4.27
2022-06-23,4.21
2022-06-24,4.25
2022-06-27,4.29
2022-06-28,4.3
2022-06-29,4.21
2022-06-30,4.19
2022-07-01,4.26
2022-07-04,.
2022-07-05,4.12
2022-07-06,4.17
2022-07-07,4.2
2022-07-08,4.23
2022-07-11,4.11
2022-07-12,4.13
2022-07-13,4.06
2022-07-14,4.09
2022-07-15,4.07
2022-07-18,4.07
2022-07-19,4.11
2022-07-20,4.08
2022-07-21,3.97
2022-07-22,3.91
2022-07-25,3.97
2022-07-26,3.96
2022-07-27,3.9
2022-07-28,3.9
2022-07-29,3.85
2022-08-01,3.8
2022-08-02,3.9
2022-08-03,3.91
2022-08-04,3.89
2022-08-05,4.03
2022-08-08,3.97
2022-08-09,3.95
2022-08-10,3.97
2022-08-11,4.07
2022-08-12,4.05
2022-08-15,3.96
2022-08-16,4.02
2022-08-17,4.08
2022-08-18,4.08
2022-08-19,4.18
2022-08-22,4.19
2022-08-23,4.23
2022-08-24,4.27
2022-08-25,4.17
2022-08-26,4.16
2022-08-29,4.23
2022-08-30,4.22
2022-08-31,4.27
2022-09-01,4.41
2022-09-02,4.38
2022-09-05,.
2022-09-06,4.55
2022-09-07,4.43
2022-09-08,4.48
